AUC,Accuracy,Precision,Recall,F1,True Negative,False Positive,False Negative,True Positive
0.7140795161807467,0.6843829632326174,0.651595744680851,0.4474885844748858,0.5305901461829994,1390,262,605,490
0.7263248090041681,0.6971241354204587,0.6427795874049945,0.5406392694063927,0.5873015873015873,1323,329,503,592
